<?xml version="1.0" encoding="UTF-8"?>
<beans xmlns="http://www.springframework.org/schema/beans"
       xmlns:xsi="http://www.w3.org/2001/XMLSchema-instance"
       xmlns:jee="http://www.springframework.org/schema/jee"
       xmlns:tx="http://www.springframework.org/schema/tx"
       xmlns:context="http://www.springframework.org/schema/context"
       xsi:schemaLocation="http://www.springframework.org/schema/beans http://www.springframework.org/schema/beans/spring-beans.xsd
                           http://www.springframework.org/schema/jee http://www.springframework.org/schema/jee/spring-jee-3.1.xsd
                           http://www.springframework.org/schema/tx http://www.springframework.org/schema/tx/spring-tx-3.1.xsd
                           http://www.springframework.org/schema/context http://www.springframework.org/schema/context/spring-context-3.1.xsd">

    <context:component-scan base-package="challengeyourself" />
    <context:annotation-config />

    <!-- Defines the entity manager factory -->
    <bean id='entityManagerFactory'
          class='org.springframework.orm.jpa.LocalContainerEntityManagerFactoryBean'>
        <property name="persistenceUnitName" value="ChallengeYourself" />
        <property name='dataSource' ref='dataSource' />
        <property name="jpaVendorAdapter">
            <bean id="jpaAdapter" class="org.springframework.orm.jpa.vendor.HibernateJpaVendorAdapter">
                <property name="databasePlatform" value="org.hibernate.dialect.PostgreSQLDialect" />
                <property name="generateDdl" value="true" />
                <property name="showSql" value="false" />
            </bean>
        </property>
    </bean>

    <bean id="txManager" class="org.springframework.orm.jpa.JpaTransactionManager">
        <property name="entityManagerFactory" ref="entityManagerFactory" />
    </bean>

    <tx:annotation-driven transaction-manager="txManager" />
</beans>
