<?xml version="1.0" encoding="UTF-8"?>
<beans xmlns="http://www.springframework.org/schema/beans"
       xmlns:security="http://www.springframework.org/schema/security"
       xmlns:xsi="http://www.w3.org/2001/XMLSchema-instance"
       xsi:schemaLocation="http://www.springframework.org/schema/beans
          http://www.springframework.org/schema/beans/spring-beans-3.2.xsd
          http://www.springframework.org/schema/security
          http://www.springframework.org/schema/security/spring-security-3.2.xsd">

    <security:http realm="Protected API" use-expressions="true" auto-config="false" 
                   create-session="stateless" entry-point-ref="customAuthenticationEntryPoint">
        <security:custom-filter ref="authenticationTokenProcessingFilter" position="FORM_LOGIN_FILTER" />
        <security:intercept-url pattern="/**" access="isAuthenticated()" />
    </security:http>
    
    <security:authentication-manager alias="authenticationManager">
        <security:authentication-provider ref="customAuthenticationProvider" />
    </security:authentication-manager>

    <bean id="customAuthenticationEntryPoint"
        class="challengeyourself.authentication.CustomAuthenticationEntryPoint" />

    <bean id="authenticationTokenProcessingFilter"
        class="challengeyourself.authentication.CustomAuthenticationTokenProcessingFilter" >
    </bean>
    
    <bean id="customAuthenticationProvider" 
          class="challengeyourself.authentication.CustomAuthenticationProvider" />

</beans>
