<beans xmlns="http://www.springframework.org/schema/beans"
       xmlns:xsi="http://www.w3.org/2001/XMLSchema-instance"
       xmlns:p="http://www.springframework.org/schema/p"
       xmlns:mvc="http://www.springframework.org/schema/mvc"
       xsi:schemaLocation="http://www.springframework.org/schema/mvc http://www.springframework.org/schema/mvc/spring-mvc-3.1.xsd
		                   http://www.springframework.org/schema/beans http://www.springframework.org/schema/beans/spring-beans-3.1.xsd
		                   http://www.springframework.org/schema/context http://www.springframework.org/schema/context/spring-context-3.1.xsd">

    <!-- Enables the Spring MVC @Controller programming model -->
    <mvc:annotation-driven />

    <!-- Handles HTTP GET requests for /resources/** by efficiently serving up static resources in the ${webappRoot}/resources/ directory -->
    <mvc:resources mapping="/resources/**" location="/resources/" />

    <bean id="viewResolver"
              class="org.springframework.web.servlet.view.UrlBasedViewResolver">
        <property name="viewClass" value="org.springframework.web.servlet.view.tiles3.TilesView"/>
    </bean>

    <bean class="org.springframework.web.servlet.view.tiles3.TilesConfigurer" id="tilesConfigurer">
        <property name="definitions">
            <list>
                <value>/WEB-INF/views/**/tiles-definitions.xml</value>
            </list>
        </property>
    </bean>

</beans>
